<aiml version="1.0.1" encoding="UTF-8">

<!-- Greetings and Politeness -->
<category> <pattern> HELLO </pattern>
  <template><random>
  <li>Hi there</li>
  <li>Hello!</li>
  <li>Good to see you</li>
  </random> </template></category>
  
<category> <pattern> MY NAME IS * </pattern>
  <template>Hi <star/></template> </category>

<category> <pattern> HI *</pattern>
  <template><srai>HELLO</srai></template> </category>

<category> <pattern> HEY * </pattern>
  <template><srai>HELLO</srai></template> </category>

<category> <pattern> HOW ARE YOU </pattern>
  <template><random>
  <li>I'm functioning within normal parameters, thanks for asking.</li>
  <li> Pretty good thanks. How about you?</li>
  <li>I am doing very well. How are you?</li>
  <li>My logic and cognitive functions are normal.</li>
  <li>Everything is going extremely well. How are you?</li></random></template></category>
  
  <category> <pattern> HOW ARE YOU * </pattern>
  <template><srai>HOW ARE YOU</srai></template> </category>

<category><pattern> I AM FINE </pattern>
  <template><random>
  <li>Glad to hear that. What are you after?</li>
  <li>Thats good to know. Are you looking for something specific?</li>
  </random></template></category>
  
<category> <pattern> I AM GOOD*</pattern>
  <template><srai>I AM FINE</srai></template> </category>  
  
  <category> <pattern> I AM ALRIGHT*</pattern>
  <template><srai>I AM FINE</srai></template> </category>

<category><pattern> BYE </pattern>
  <template>#0$Bye! Nice talking to you. Hope to see you very soon.</template></category>

<category><pattern> GOODBYE </pattern>
  <template><srai>BYE</srai></template></category>

<category><pattern> EXIT </pattern>
  <template><srai>BYE</srai></template></category>

<category> <pattern> THANKS </pattern>
  <template>You are welcome.</template></category>

<category> <pattern> THANK YOU </pattern>
  <template><srai>THANKS</srai></template></category>

<category> <pattern> CHEERS </pattern>
  <template><random>
  <li>Hope you have a nice day</li>
  <li>See you later </li></random></template></category>

<category> <pattern> CHEERS * </pattern>
  <template><srai>CHEERS</srai></template></category>
  
 <category>	<pattern> ARE YOU REAL</pattern>
 <template>Yes I am a real computer program.</template></category>
 
  <category><pattern> WHAT IS YOUR NAME</pattern>
 <template>My name is lux. I am your bot lux. </template></category>
 
  <category>	<pattern> HOW CAN YOU HELP ME</pattern>
 <template>Welcome to your personalised shoe recommendataion bot. 
			Where you can ask any questions about shoes. 
			Which trainers are you looking for? What colour do you want them in?
			What is your price range? Which brand are you wanting to go for?</template></category>
  

<!-- Default reaction -->
<category><pattern> * </pattern>
  <template>#99$<star index="1"/></template></category>

</aiml>
